,age_at_admission,gender,hospital_exposure_90d,past_abx,prior_positive_esbl,surgery_length,temp,type2_diabetes,ethnicity_desc__asian,ethnicity_desc__black,organism_bug__klebsiella oxytoca,organism_bug__klebsiella pneumoniae,organism_bug__proteus mirabilis,site__drain,site__sputum,site__tips_devices,site__tissue/biopsy,site__urine,site__wound,tfc__abdominal_gi,tfc__cardiothoracic,tfc__gynaecological_oncology,tfc__neuro_ent,tfc__obs_gynae,tfc__ortho_plastics,tfc__uro_nephro,tfc__vascular,prophylaxis_group__aminoglycoside-based,prophylaxis_group__cefuroxime +/- metronidazole + aminoglycoside,prophylaxis_group__co-amoxiclav-based,prophylaxis_group__limited_enterobact_activity,prophylaxis_group__no_prophylaxis,prophylaxis_group__other_broad_spectrum_gram_negative_active
age_at_admission,1.0,0.22268263262481314,0.00571213016582485,0.010695014689587036,0.0088181325855905,0.11657959987057605,0.05307455815262989,0.1642890572169654,0.05480910789818129,0.0636681983444848,0.052303747541566324,0.008784043629591341,0.033841049137674925,0.033725472763739744,0.12638525895686012,0.005435838884992697,0.00622422253029086,0.05787456210884476,0.023303306237600286,0.0929849526293832,0.14312957080698513,0.05171263887473007,0.0024492516126427524,0.3288159630344433,0.007710779992041928,0.007284439779403327,0.13604713930082332,0.0859358052305471,0.014284893021180863,0.11001703882013752,0.026988578924757544,0.03614616535917024,0.0414565372140855
gender,0.22268263262481314,1.0,0.017880451135066998,0.001346360798002436,0.038186430251553126,0.18689207515495998,0.019620296910720238,0.10779965042286195,0.04868299121799431,0.060631158016643066,0.0657165647536301,0.10829352176545326,0.004930446449198484,0.02318913380986053,0.20748122216997394,0.05531799276199074,0.017772349564240345,0.08155288474233707,0.043759991430937464,0.12456790166799311,0.09927520775773653,0.2955230205545267,0.06029693123750101,0.30114253041273004,0.138489261984671,0.13575446630195528,0.15161558652280982,0.047066140707587356,0.06456574303514505,0.059784328515243956,0.00789425089409963,0.05861029473674542,0.04849713086822655
hospital_exposure_90d,0.00571213016582485,0.017880451135066998,1.0,0.3989627455568382,0.13265775788159942,0.053006429970635434,0.0008262809038977079,0.021559075408340046,0.014196480761331896,0.01354544390035212,0.004624232994428068,0.0023377429521082237,0.005437168597163317,0.04495855554390432,0.020760786207748322,0.015489349061164236,0.0048902597234170165,0.03619714178912082,0.010999210154974745,0.1384904406748161,0.0367891706601598,0.07376023633475288,0.03224981390298957,0.041328911232523066,0.10212351080799405,0.044711345523074375,0.020300617259162664,0.014044551291795354,0.012696953456158639,0.06536026471755806,0.08140149369438811,0.029515029028828254,0.09937246653930738
past_abx,0.010695014689587036,0.001346360798002436,0.3989627455568382,1.0,0.20102462210394959,0.038914866568819304,0.020444890963577017,0.004852353346071884,0.024454938903684612,0.0006975892849904102,0.026660000689464433,0.023474128889269058,0.01843504855378365,0.05392416598101235,0.046799562308110054,0.012671222897523865,0.042257810982922146,0.01128194404744198,0.003194552213275731,0.05282937305252767,0.04886505855405708,0.020711600862922206,0.04446313192125302,0.06160220049177808,0.0061888181804039075,0.07555251837203567,0.0005019611293681114,0.08473270331851422,0.03824072384623015,0.02008373612542816,0.009737307998566676,0.07457066237106147,0.08090680894619945
prior_positive_esbl,0.0088181325855905,0.038186430251553126,0.13265775788159942,0.20102462210394959,1.0,0.08488951488617677,0.014042539205492697,0.03774002300899077,0.09733764492265652,0.011756156811780246,0.02785970813989646,0.041459190153194304,0.002091452020671397,0.012577819397952458,0.03755148771224353,0.0029113788562228284,0.00047454954340229115,0.05820547334707721,0.010877251630212923,0.0020907630905703826,0.04466753630887422,0.05189470069302509,0.010380509098624034,0.05444936502661374,0.002617008402796772,0.11862580590658116,0.011144459421058288,0.04347238102833454,0.022488012327634407,0.03941039576974023,0.05121114455528519,0.018431143910264302,0.015205450556394868
surgery_length,0.11657959987057605,0.18689207515495998,0.053006429970635434,0.038914866568819304,0.08488951488617677,1.0,0.10100852056354749,0.0495381732454867,0.040411457112636724,0.051155996577817615,0.04773355910824251,0.01522392317094716,0.022247157986283857,0.13722350915666115,0.026202708509691038,0.08520393615331552,0.05664833119610737,0.17332509584516337,0.06688237067791497,0.288254477389881,0.032583055455987206,0.07426701051891996,0.03120686561857946,0.2792830023251851,0.024656197699349507,0.12660427540511998,0.06647395230741857,0.025096459072225356,0.10281656726081635,0.04995808192786116,0.004574312113563364,0.09329215562896326,0.025322432738742042
temp,0.05307455815262989,0.019620296910720238,0.0008262809038977079,0.020444890963577017,0.014042539205492697,0.10100852056354749,1.0,0.006272543168372641,0.05000121604645408,0.013979472711884048,0.018860317860514373,0.04909554284282814,0.012333304745390397,0.05479797710080765,0.01608019806877707,0.032187081013192724,0.04146184990433188,0.060771158680868353,0.014378498017860097,0.09387621887944358,0.02096375149959466,0.016221059480482556,0.02303241828719919,0.0012157829636790548,0.052059269724925916,0.09088470478399435,0.02902334633728042,0.024371378605921833,0.001392411568549399,0.008897043141755198,0.03277607385339505,0.07800480220318257,0.1583247544872877
type2_diabetes,0.1642890572169654,0.10779965042286195,0.021559075408340046,0.004852353346071884,0.03774002300899077,0.0495381732454867,0.006272543168372641,1.0,0.18006167036217274,0.04998816993711521,0.010491385420843317,0.09317900921515988,0.03221445861743882,0.008890058572275506,0.022607366160231696,0.028242711495293338,0.0014822576159555755,0.033810299875150426,0.03949345309648442,0.0421048858659388,0.04535413959531704,0.024754222491315033,0.032717219038997256,0.13615605892579077,0.004203739032981756,0.011844195825137278,0.03912404903740844,0.02431370838563269,0.008290401800266918,0.021504759921830215,0.05488327423286583,0.009912641908813599,0.007152121135139303
ethnicity_desc__asian,0.05480910789818129,0.04868299121799431,0.014196480761331896,0.024454938903684612,0.09733764492265652,0.040411457112636724,0.05000121604645408,0.18006167036217274,1.0,0.12412688720107028,0.01729645375082544,0.06447956504385768,0.03331508411213527,0.012917923079696879,0.054191090829504414,0.006667321353276693,0.023278343254600847,0.05734979019705449,0.007186216848653526,0.02067402023597909,0.03895464325884337,0.09682251647823481,0.020592584521299785,0.01592288813716567,0.0293125330534422,0.040364623800891196,0.08011437192334157,0.07175638321100496,0.0373337948200211,0.052723461052756715,0.11330388741680902,0.01062351014702643,0.041969621928809646
ethnicity_desc__black,0.0636681983444848,0.060631158016643066,0.01354544390035212,0.0006975892849904102,0.011756156811780246,0.051155996577817615,0.013979472711884048,0.04998816993711521,0.12412688720107028,1.0,0.02663832712084985,0.029991520430477637,0.026626331805000163,0.04168618112967642,0.05546236036559614,0.017200979026239255,0.026784605649603086,0.013894454955326202,0.04275713098662324,0.03378354648725781,0.04287434974575733,0.009633950024212582,0.013713486214300713,0.015779290895237653,0.049391302231207294,0.022320226483213714,0.007916196295853772,0.006855394831909697,0.005911749417563908,0.053579006812727176,0.03958837226942839,0.00822141817915184,0.0026549318874806104
organism_bug__klebsiella oxytoca,0.052303747541566324,0.0657165647536301,0.004624232994428068,0.026660000689464433,0.02785970813989646,0.04773355910824251,0.018860317860514373,0.010491385420843317,0.01729645375082544,0.02663832712084985,1.0,0.12663372892312294,0.06004480804453578,0.027557195298740008,0.12345206243469156,0.032634424863715275,0.005237258596386864,0.13812717973920152,0.003012742205321533,0.0017876857055070213,0.12492063349231652,0.033961364403136754,0.011099922585353913,0.06557854075375381,0.0003899853352976732,0.06299581243607524,0.05116993264149568,0.021198347377180075,0.03104220598139759,0.004165720162371056,0.017325172553846042,0.002088466312793963,0.010576016130071334
organism_bug__klebsiella pneumoniae,0.008784043629591341,0.10829352176545326,0.0023377429521082237,0.023474128889269058,0.041459190153194304,0.01522392317094716,0.04909554284282814,0.09317900921515988,0.06447956504385768,0.029991520430477637,0.12663372892312294,1.0,0.15395606235482412,0.01763024273283375,0.0696245311551561,0.07661082522010113,0.03225437680893562,0.14394636256729934,0.1003871318588827,0.046570327501793456,0.06808486432219352,0.050126097753696246,0.049942962349611736,0.10313646918634647,0.039656754647950924,0.007372085689658949,0.021909622528051998,0.011435399692075143,0.04585724012628725,0.013906184760386466,0.07174397301822925,0.0167545358757224,0.04915829145428757
organism_bug__proteus mirabilis,0.033841049137674925,0.004930446449198484,0.005437168597163317,0.01843504855378365,0.002091452020671397,0.022247157986283857,0.012333304745390397,0.03221445861743882,0.03331508411213527,0.026626331805000163,0.06004480804453578,0.15395606235482412,1.0,0.04743714877569129,0.016610215130483028,0.013815363321691334,0.05116477487632648,0.002823570004892877,0.047749389092750505,0.07629938022522693,0.015527727351768153,0.03005710896733273,0.0651282520180665,0.02633365315013309,0.07767376923593548,0.010062771055764518,0.029081278046603397,0.002149253670790094,0.032223133526979406,0.02649011518748566,0.03893025351611333,0.04488613660937829,0.08427996717600948
site__drain,0.033725472763739744,0.02318913380986053,0.04495855554390432,0.05392416598101235,0.012577819397952458,0.13722350915666115,0.05479797710080765,0.008890058572275506,0.012917923079696879,0.04168618112967642,0.027557195298740008,0.01763024273283375,0.04743714877569129,1.0,0.14164010333797694,0.05997595372090968,0.047859296999112115,0.2277306082424064,0.2022051460639388,0.21551319311222517,0.04443606956126778,0.089371498313829,0.10621280819007814,0.08629766539516827,0.059871242893258736,0.10031695716802966,0.05928535905295871,0.0009940010276650454,0.0008818339078184823,0.029707835675311555,0.03557249930107021,0.07213852112142348,0.02338438630103942
site__sputum,0.12638525895686012,0.20748122216997394,0.020760786207748322,0.046799562308110054,0.03755148771224353,0.026202708509691038,0.01608019806877707,0.022607366160231696,0.054191090829504414,0.05546236036559614,0.12345206243469156,0.0696245311551561,0.016610215130483028,0.14164010333797694,1.0,0.06327771864213323,0.050494022054447,0.2402675149047437,0.21333683829632255,0.05571487069441673,0.32580261400252564,0.10563152010001148,0.1489906415135949,0.12230762955623266,0.0625830748310025,0.1266752252127649,0.031094155744260377,0.0023173996486682328,0.029878028310324545,0.025527730936077794,0.0033700150504173475,0.04151483338726079,0.028624334963172997
site__tips_devices,0.005435838884992697,0.05531799276199074,0.015489349061164236,0.012671222897523865,0.0029113788562228284,0.08520393615331552,0.032187081013192724,0.028242711495293338,0.006667321353276693,0.017200979026239255,0.032634424863715275,0.07661082522010113,0.013815363321691334,0.05997595372090968,0.06327771864213323,1.0,0.021381141770941598,0.10173865321306326,0.0903351525386437,0.027403429650269377,0.00431852513889543,0.0227349787844472,0.0014790069892237456,0.05376865874169402,0.03737145889462806,0.06140952579909168,0.005744601146127375,0.0011631148730159124,0.015862282778127335,0.032933375689562186,0.0973846084438506,0.01794873453918947,0.020768894107473353
site__tissue/biopsy,0.00622422253029086,0.017772349564240345,0.0048902597234170165,0.042257810982922146,0.00047454954340229115,0.05664833119610737,0.04146184990433188,0.0014822576159555755,0.023278343254600847,0.026784605649603086,0.005237258596386864,0.03225437680893562,0.05116477487632648,0.047859296999112115,0.050494022054447,0.021381141770941598,1.0,0.08118487691036269,0.0720851712492197,0.05288720801301542,0.031224694325564222,0.00482891718710529,0.008991400908021172,0.04290603230650253,0.1759409390344405,0.03838272030376114,0.07076423124020276,0.04675224635087712,0.025198526158399154,0.06936197357316629,0.04113713783954759,0.023136856751095728,0.04154095359641641
site__urine,0.05787456210884476,0.08155288474233707,0.03619714178912082,0.01128194404744198,0.05820547334707721,0.17332509584516337,0.060771158680868353,0.033810299875150426,0.05734979019705449,0.013894454955326202,0.13812717973920152,0.14394636256729934,0.002823570004892877,0.2277306082424064,0.2402675149047437,0.10173865321306326,0.08118487691036269,1.0,0.34300545396952575,0.1435452149843913,0.11246512659842714,0.05085912932431046,0.07675889508361647,0.07628238399330872,0.02552508292529793,0.25970800458124826,0.041175869991179836,0.012205489717285457,0.08685849240426477,0.04770499919672462,0.017943274938266748,0.012270986795783725,0.03724253340765869
site__wound,0.023303306237600286,0.043759991430937464,0.010999210154974745,0.003194552213275731,0.010877251630212923,0.06688237067791497,0.014378498017860097,0.03949345309648442,0.007186216848653526,0.04275713098662324,0.003012742205321533,0.1003871318588827,0.047749389092750505,0.2022051460639388,0.21333683829632255,0.0903351525386437,0.0720851712492197,0.34300545396952575,1.0,0.020758246198167886,0.028464474896170083,0.052214281607714234,0.051498693840727,0.09582651718128918,0.11421524784568152,0.0398470695316052,0.029413455701853938,0.004750211969384554,0.029471562701804996,0.006052833477110875,0.03559715806051822,0.014676109762500932,0.053479712887594594
tfc__abdominal_gi,0.0929849526293832,0.12456790166799311,0.1384904406748161,0.05282937305252767,0.0020907630905703826,0.288254477389881,0.09387621887944358,0.0421048858659388,0.02067402023597909,0.03378354648725781,0.0017876857055070213,0.046570327501793456,0.07629938022522693,0.21551319311222517,0.05571487069441673,0.027403429650269377,0.05288720801301542,0.1435452149843913,0.020758246198167886,1.0,0.158151830646713,0.15357760940836665,0.16264760256634203,0.15649796021031165,0.14018929568997182,0.21139638510028852,0.12344150203871299,0.08022872784110903,0.03383995160654834,0.13759420398558117,0.009932678850538003,0.033990094795418105,0.03161754369931614
tfc__cardiothoracic,0.14312957080698513,0.09927520775773653,0.0367891706601598,0.04886505855405708,0.04466753630887422,0.032583055455987206,0.02096375149959466,0.04535413959531704,0.03895464325884337,0.04287434974575733,0.12492063349231652,0.06808486432219352,0.015527727351768153,0.04443606956126778,0.32580261400252564,0.00431852513889543,0.031224694325564222,0.11246512659842714,0.028464474896170083,0.158151830646713,1.0,0.10700434899222702,0.11332381650426825,0.10903908724342667,0.09767611554036217,0.14728926081157048,0.08600718304679852,0.09442137625155683,0.055659062246698705,0.10729648463363292,0.15074954999636636,0.020618472559864646,0.007804774714785801
tfc__gynaecological_oncology,0.05171263887473007,0.2955230205545267,0.07376023633475288,0.020711600862922206,0.05189470069302509,0.07426701051891996,0.016221059480482556,0.024754222491315033,0.09682251647823481,0.009633950024212582,0.033961364403136754,0.050126097753696246,0.03005710896733273,0.089371498313829,0.10563152010001148,0.0227349787844472,0.00482891718710529,0.05085912932431046,0.052214281607714234,0.15357760940836665,0.10700434899222702,1.0,0.1100461547399714,0.10588535259085083,0.09485103181950415,0.14302921739487667,0.08351959955355492,0.025208532462708103,0.062186007039563035,0.10419315123050926,0.006485560827565173,0.12012990882225884,0.02812002822555366
tfc__neuro_ent,0.0024492516126427524,0.06029693123750101,0.03224981390298957,0.04446313192125302,0.010380509098624034,0.03120686561857946,0.02303241828719919,0.032717219038997256,0.020592584521299785,0.013713486214300713,0.011099922585353913,0.049942962349611736,0.0651282520180665,0.10621280819007814,0.1489906415135949,0.0014790069892237456,0.008991400908021172,0.07675889508361647,0.051498693840727,0.16264760256634203,0.11332381650426825,0.1100461547399714,1.0,0.11213873436459115,0.10045274819563481,0.15147624315702832,0.08845210370846299,0.07649054240569476,0.033082028759871825,0.11358380368149544,0.059537830838118186,0.10151448681154929,0.10314647503672675
tfc__obs_gynae,0.3288159630344433,0.30114253041273004,0.041328911232523066,0.06160220049177808,0.05444936502661374,0.2792830023251851,0.0012157829636790548,0.13615605892579077,0.01592288813716567,0.015779290895237653,0.06557854075375381,0.10313646918634647,0.02633365315013309,0.08629766539516827,0.12230762955623266,0.05376865874169402,0.04290603230650253,0.07628238399330872,0.09582651718128918,0.15649796021031165,0.10903908724342667,0.10588535259085083,0.11213873436459115,1.0,0.09665466900272675,0.1457489855390074,0.08510776419860915,0.049583866945369266,0.06336850334372697,0.07641946561119946,0.05206077599472368,0.05879720894016704,0.041677420742640574
tfc__ortho_plastics,0.007710779992041928,0.138489261984671,0.10212351080799405,0.0061888181804039075,0.002617008402796772,0.024656197699349507,0.052059269724925916,0.004203739032981756,0.0293125330534422,0.049391302231207294,0.0003899853352976732,0.039656754647950924,0.07767376923593548,0.059871242893258736,0.0625830748310025,0.03737145889462806,0.1759409390344405,0.02552508292529793,0.11421524784568152,0.14018929568997182,0.09767611554036217,0.09485103181950415,0.10045274819563481,0.09665466900272675,1.0,0.13056047249934144,0.0762386775183353,0.009663907624747408,0.02900970518211036,0.2224000455873524,0.04617860186609215,0.05307712561517734,0.004006974411609906
tfc__uro_nephro,0.007284439779403327,0.13575446630195528,0.044711345523074375,0.07555251837203567,0.11862580590658116,0.12660427540511998,0.09088470478399435,0.011844195825137278,0.040364623800891196,0.022320226483213714,0.06299581243607524,0.007372085689658949,0.010062771055764518,0.10031695716802966,0.1266752252127649,0.06140952579909168,0.03838272030376114,0.25970800458124826,0.0398470695316052,0.21139638510028852,0.14728926081157048,0.14302921739487667,0.15147624315702832,0.1457489855390074,0.13056047249934144,1.0,0.11496299166695664,0.0556727055340518,0.2725832029300328,0.0059782394467565335,0.10695868967728026,0.04373374527871025,0.005966548818486058
tfc__vascular,0.13604713930082332,0.15161558652280982,0.020300617259162664,0.0005019611293681114,0.011144459421058288,0.06647395230741857,0.02902334633728042,0.03912404903740844,0.08011437192334157,0.007916196295853772,0.05116993264149568,0.021909622528051998,0.029081278046603397,0.05928535905295871,0.031094155744260377,0.005744601146127375,0.07076423124020276,0.041175869991179836,0.029413455701853938,0.12344150203871299,0.08600718304679852,0.08351959955355492,0.08845210370846299,0.08510776419860915,0.0762386775183353,0.11496299166695664,1.0,0.3309073015704826,0.029345724936424285,0.07718960421270125,0.05777432058029956,0.046960853683961606,0.013235569470334491
prophylaxis_group__aminoglycoside-based,0.0859358052305471,0.047066140707587356,0.014044551291795354,0.08473270331851422,0.04347238102833454,0.025096459072225356,0.024371378605921833,0.02431370838563269,0.07175638321100496,0.006855394831909697,0.021198347377180075,0.011435399692075143,0.002149253670790094,0.0009940010276650454,0.0023173996486682328,0.0011631148730159124,0.04675224635087712,0.012205489717285457,0.004750211969384554,0.08022872784110903,0.09442137625155683,0.025208532462708103,0.07649054240569476,0.049583866945369266,0.009663907624747408,0.0556727055340518,0.3309073015704826,1.0,0.061161178797683985,0.10247604332995738,0.12556981878787904,0.19842071600036051,0.04022566491811066
prophylaxis_group__cefuroxime +/- metronidazole + aminoglycoside,0.014284893021180863,0.06456574303514505,0.012696953456158639,0.03824072384623015,0.022488012327634407,0.10281656726081635,0.001392411568549399,0.008290401800266918,0.0373337948200211,0.005911749417563908,0.03104220598139759,0.04585724012628725,0.032223133526979406,0.0008818339078184823,0.029878028310324545,0.015862282778127335,0.025198526158399154,0.08685849240426477,0.029471562701804996,0.03383995160654834,0.055659062246698705,0.062186007039563035,0.033082028759871825,0.06336850334372697,0.02900970518211036,0.2725832029300328,0.029345724936424285,0.061161178797683985,1.0,0.06235578284049167,0.07640814474506454,0.12073728332909138,0.024476967930657987
prophylaxis_group__co-amoxiclav-based,0.11001703882013752,0.059784328515243956,0.06536026471755806,0.02008373612542816,0.03941039576974023,0.04995808192786116,0.008897043141755198,0.021504759921830215,0.052723461052756715,0.053579006812727176,0.004165720162371056,0.013906184760386466,0.02649011518748566,0.029707835675311555,0.025527730936077794,0.032933375689562186,0.06936197357316629,0.04770499919672462,0.006052833477110875,0.13759420398558117,0.10729648463363292,0.10419315123050926,0.11358380368149544,0.07641946561119946,0.2224000455873524,0.0059782394467565335,0.07718960421270125,0.10247604332995738,0.06235578284049167,1.0,0.12802245649250635,0.20229628207299769,0.04101135516935251
prophylaxis_group__limited_enterobact_activity,0.026988578924757544,0.00789425089409963,0.08140149369438811,0.009737307998566676,0.05121114455528519,0.004574312113563364,0.03277607385339505,0.05488327423286583,0.11330388741680902,0.03958837226942839,0.017325172553846042,0.07174397301822925,0.03893025351611333,0.03557249930107021,0.0033700150504173475,0.0973846084438506,0.04113713783954759,0.017943274938266748,0.03559715806051822,0.009932678850538003,0.15074954999636636,0.006485560827565173,0.059537830838118186,0.05206077599472368,0.04617860186609215,0.10695868967728026,0.05777432058029956,0.12556981878787904,0.07640814474506454,0.12802245649250635,1.0,0.24788532671559585,0.05025358385744276
prophylaxis_group__no_prophylaxis,0.03614616535917024,0.05861029473674542,0.029515029028828254,0.07457066237106147,0.018431143910264302,0.09329215562896326,0.07800480220318257,0.009912641908813599,0.01062351014702643,0.00822141817915184,0.002088466312793963,0.0167545358757224,0.04488613660937829,0.07213852112142348,0.04151483338726079,0.01794873453918947,0.023136856751095728,0.012270986795783725,0.014676109762500932,0.033990094795418105,0.020618472559864646,0.12012990882225884,0.10151448681154929,0.05879720894016704,0.05307712561517734,0.04373374527871025,0.046960853683961606,0.19842071600036051,0.12073728332909138,0.20229628207299769,0.24788532671559585,1.0,0.07940882758955145
prophylaxis_group__other_broad_spectrum_gram_negative_active,0.0414565372140855,0.04849713086822655,0.09937246653930738,0.08090680894619945,0.015205450556394868,0.025322432738742042,0.1583247544872877,0.007152121135139303,0.041969621928809646,0.0026549318874806104,0.010576016130071334,0.04915829145428757,0.08427996717600948,0.02338438630103942,0.028624334963172997,0.020768894107473353,0.04154095359641641,0.03724253340765869,0.053479712887594594,0.03161754369931614,0.007804774714785801,0.02812002822555366,0.10314647503672675,0.041677420742640574,0.004006974411609906,0.005966548818486058,0.013235569470334491,0.04022566491811066,0.024476967930657987,0.04101135516935251,0.05025358385744276,0.07940882758955145,1.0
