fpr,tpr,auc
0.0,0.0,0.7177871148459384
0.0,0.007575757575757576,0.7177871148459384
0.0,0.11363636363636363,0.7177871148459384
0.004201680672268907,0.11363636363636363,0.7177871148459384
0.004201680672268907,0.12878787878787878,0.7177871148459384
0.012605042016806723,0.12878787878787878,0.7177871148459384
0.012605042016806723,0.13636363636363635,0.7177871148459384
0.01680672268907563,0.13636363636363635,0.7177871148459384
0.01680672268907563,0.15151515151515152,0.7177871148459384
0.02100840336134454,0.15151515151515152,0.7177871148459384
0.02100840336134454,0.1893939393939394,0.7177871148459384
0.025210084033613446,0.1893939393939394,0.7177871148459384
0.025210084033613446,0.20454545454545456,0.7177871148459384
0.037815126050420166,0.20454545454545456,0.7177871148459384
0.037815126050420166,0.21212121212121213,0.7177871148459384
0.04201680672268908,0.21212121212121213,0.7177871148459384
0.04201680672268908,0.25757575757575757,0.7177871148459384
0.046218487394957986,0.25757575757575757,0.7177871148459384
0.046218487394957986,0.26515151515151514,0.7177871148459384
0.0546218487394958,0.26515151515151514,0.7177871148459384
0.0546218487394958,0.29545454545454547,0.7177871148459384
0.058823529411764705,0.29545454545454547,0.7177871148459384
0.058823529411764705,0.30303030303030304,0.7177871148459384
0.08403361344537816,0.30303030303030304,0.7177871148459384
0.08403361344537816,0.3106060606060606,0.7177871148459384
0.09243697478991597,0.3106060606060606,0.7177871148459384
0.09243697478991597,0.32575757575757575,0.7177871148459384
0.10084033613445378,0.32575757575757575,0.7177871148459384
0.10084033613445378,0.3409090909090909,0.7177871148459384
0.1092436974789916,0.3409090909090909,0.7177871148459384
0.1092436974789916,0.36363636363636365,0.7177871148459384
0.12605042016806722,0.36363636363636365,0.7177871148459384
0.12605042016806722,0.3712121212121212,0.7177871148459384
0.14705882352941177,0.3712121212121212,0.7177871148459384
0.14705882352941177,0.3787878787878788,0.7177871148459384
0.15126050420168066,0.3787878787878788,0.7177871148459384
0.15126050420168066,0.4015151515151515,0.7177871148459384
0.15966386554621848,0.4015151515151515,0.7177871148459384
0.15966386554621848,0.4090909090909091,0.7177871148459384
0.1638655462184874,0.4090909090909091,0.7177871148459384
0.1638655462184874,0.4166666666666667,0.7177871148459384
0.1722689075630252,0.4166666666666667,0.7177871148459384
0.1722689075630252,0.42424242424242425,0.7177871148459384
0.18067226890756302,0.42424242424242425,0.7177871148459384
0.18067226890756302,0.4393939393939394,0.7177871148459384
0.19747899159663865,0.4393939393939394,0.7177871148459384
0.19747899159663865,0.44696969696969696,0.7177871148459384
0.20588235294117646,0.44696969696969696,0.7177871148459384
0.20588235294117646,0.45454545454545453,0.7177871148459384
0.21428571428571427,0.45454545454545453,0.7177871148459384
0.21428571428571427,0.4621212121212121,0.7177871148459384
0.2184873949579832,0.4621212121212121,0.7177871148459384
0.2184873949579832,0.4772727272727273,0.7177871148459384
0.22268907563025211,0.4772727272727273,0.7177871148459384
0.22268907563025211,0.49242424242424243,0.7177871148459384
0.23109243697478993,0.49242424242424243,0.7177871148459384
0.23109243697478993,0.5303030303030303,0.7177871148459384
0.23949579831932774,0.5303030303030303,0.7177871148459384
0.23949579831932774,0.5378787878787878,0.7177871148459384
0.2647058823529412,0.5378787878787878,0.7177871148459384
0.2647058823529412,0.5606060606060606,0.7177871148459384
0.29411764705882354,0.5606060606060606,0.7177871148459384
0.29411764705882354,0.5681818181818182,0.7177871148459384
0.29831932773109243,0.5681818181818182,0.7177871148459384
0.29831932773109243,0.5757575757575758,0.7177871148459384
0.3067226890756303,0.5757575757575758,0.7177871148459384
0.3067226890756303,0.6212121212121212,0.7177871148459384
0.31092436974789917,0.6212121212121212,0.7177871148459384
0.31092436974789917,0.6287878787878788,0.7177871148459384
0.3445378151260504,0.6287878787878788,0.7177871148459384
0.3445378151260504,0.6363636363636364,0.7177871148459384
0.3487394957983193,0.6363636363636364,0.7177871148459384
0.3487394957983193,0.6515151515151515,0.7177871148459384
0.35294117647058826,0.6515151515151515,0.7177871148459384
0.35294117647058826,0.6590909090909091,0.7177871148459384
0.35714285714285715,0.6590909090909091,0.7177871148459384
0.35714285714285715,0.6666666666666666,0.7177871148459384
0.3739495798319328,0.6666666666666666,0.7177871148459384
0.3739495798319328,0.6742424242424242,0.7177871148459384
0.40756302521008403,0.6742424242424242,0.7177871148459384
0.40756302521008403,0.6893939393939394,0.7177871148459384
0.42016806722689076,0.6893939393939394,0.7177871148459384
0.42016806722689076,0.696969696969697,0.7177871148459384
0.4327731092436975,0.696969696969697,0.7177871148459384
0.4327731092436975,0.7045454545454546,0.7177871148459384
0.4369747899159664,0.7045454545454546,0.7177871148459384
0.4369747899159664,0.7348484848484849,0.7177871148459384
0.46638655462184875,0.7348484848484849,0.7177871148459384
0.46638655462184875,0.7424242424242424,0.7177871148459384
0.4789915966386555,0.7424242424242424,0.7177871148459384
0.4789915966386555,0.7575757575757576,0.7177871148459384
0.49159663865546216,0.7575757575757576,0.7177871148459384
0.49159663865546216,0.7803030303030303,0.7177871148459384
0.5252100840336135,0.7803030303030303,0.7177871148459384
0.5252100840336135,0.7878787878787878,0.7177871148459384
0.5294117647058824,0.7878787878787878,0.7177871148459384
0.5294117647058824,0.7954545454545454,0.7177871148459384
0.5378151260504201,0.7954545454545454,0.7177871148459384
0.5378151260504201,0.8257575757575758,0.7177871148459384
0.542016806722689,0.8257575757575758,0.7177871148459384
0.542016806722689,0.8333333333333334,0.7177871148459384
0.5462184873949579,0.8333333333333334,0.7177871148459384
0.5462184873949579,0.8409090909090909,0.7177871148459384
0.5504201680672269,0.8409090909090909,0.7177871148459384
0.5504201680672269,0.8484848484848485,0.7177871148459384
0.5672268907563025,0.8484848484848485,0.7177871148459384
0.5672268907563025,0.8560606060606061,0.7177871148459384
0.5798319327731093,0.8560606060606061,0.7177871148459384
0.5798319327731093,0.8636363636363636,0.7177871148459384
0.5882352941176471,0.8636363636363636,0.7177871148459384
0.5882352941176471,0.8712121212121212,0.7177871148459384
0.592436974789916,0.8712121212121212,0.7177871148459384
0.592436974789916,0.8787878787878788,0.7177871148459384
0.6050420168067226,0.8787878787878788,0.7177871148459384
0.6050420168067226,0.8863636363636364,0.7177871148459384
0.6134453781512605,0.8863636363636364,0.7177871148459384
0.6134453781512605,0.8939393939393939,0.7177871148459384
0.6260504201680672,0.8939393939393939,0.7177871148459384
0.6260504201680672,0.9015151515151515,0.7177871148459384
0.6428571428571429,0.9015151515151515,0.7177871148459384
0.6428571428571429,0.9090909090909091,0.7177871148459384
0.680672268907563,0.9090909090909091,0.7177871148459384
0.680672268907563,0.9166666666666666,0.7177871148459384
0.7142857142857143,0.9166666666666666,0.7177871148459384
0.7142857142857143,0.9242424242424242,0.7177871148459384
0.7310924369747899,0.9242424242424242,0.7177871148459384
0.7310924369747899,0.9393939393939394,0.7177871148459384
0.7478991596638656,0.9393939393939394,0.7177871148459384
0.7478991596638656,0.9545454545454546,0.7177871148459384
0.773109243697479,0.9545454545454546,0.7177871148459384
0.773109243697479,0.9621212121212122,0.7177871148459384
0.8361344537815126,0.9621212121212122,0.7177871148459384
0.8361344537815126,0.9696969696969697,0.7177871148459384
0.8487394957983193,0.9696969696969697,0.7177871148459384
0.8487394957983193,0.9772727272727273,0.7177871148459384
0.8529411764705882,0.9772727272727273,0.7177871148459384
0.8529411764705882,0.9924242424242424,0.7177871148459384
0.9957983193277311,0.9924242424242424,0.7177871148459384
0.9957983193277311,1.0,0.7177871148459384
1.0,1.0,0.7177871148459384
