term,OR,CI_lower,CI_upper,p_value,epv,strat_col,strat_value,n,events,non_events,status,warnings,converged,dropped_cols,n_dropped_cols,suspicious_estimate
gender,1.0570001305679955,0.6242082454288118,1.7898662572988662,0.836570208683082,10.4,tfc,abdominal_gi,419,177,242,success,,True,,0,False
hospital_exposure_90d,0.9035216845735229,0.5427598490594995,1.5040748425093708,0.6964037223777679,10.4,tfc,abdominal_gi,419,177,242,success,,True,,0,False
past_abx,0.7537760581516627,0.38812234864763556,1.4639155612203372,0.403928554828334,10.4,tfc,abdominal_gi,419,177,242,success,,True,,0,False
prior_positive_esbl,4.942002083534714,2.1648605056540746,11.281735950133356,0.00014827608276186746,10.4,tfc,abdominal_gi,419,177,242,success,,True,,0,False
surgery_length,0.9788294245169914,0.9146817642419389,1.0474758323123619,0.5360861530012406,10.4,tfc,abdominal_gi,419,177,242,success,,True,,0,False
ethnicity_desc__asian,1.699360505882968,0.8949584413305729,3.2267712058912617,0.10507082763057064,10.4,tfc,abdominal_gi,419,177,242,success,,True,,0,False
ethnicity_desc__black,1.2145601352163262,0.5109197076842615,2.887256646925662,0.6599582117295585,10.4,tfc,abdominal_gi,419,177,242,success,,True,,0,False
organism_bug__klebsiella pneumoniae,1.0523432594378581,0.6239121378311537,1.7749716162502234,0.8483038454689275,10.4,tfc,abdominal_gi,419,177,242,success,,True,,0,False
prophylaxis_group__aminoglycoside-based,1.0286140424196264,0.3662332306637348,2.888997392031621,0.9572981926824569,10.4,tfc,abdominal_gi,419,177,242,success,,True,,0,False
prophylaxis_group__limited_enterobact_activity,0.5432350487525461,0.21808702368805413,1.3531493676363366,0.19003757682295508,10.4,tfc,abdominal_gi,419,177,242,success,,True,,0,False
prophylaxis_group__no_prophylaxis,0.8443183727802727,0.47759607293120027,1.4926285097763352,0.5604799947619571,10.4,tfc,abdominal_gi,419,177,242,success,,True,,0,False
site__drain,0.9406593250824262,0.5305817069964497,1.6676789911840035,0.8341422829562375,10.4,tfc,abdominal_gi,419,177,242,success,,True,,0,False
site__sputum,0.41825701771800955,0.16832069616674455,1.0393192094278323,0.0605289154645602,10.4,tfc,abdominal_gi,419,177,242,success,,True,,0,False
site__tips_devices,0.8506401331342923,0.2426430173897024,2.9821119267429417,0.80045728033505,10.4,tfc,abdominal_gi,419,177,242,success,,True,,0,False
site__urine,0.9873667205578148,0.4857386084566201,2.00703222657698,0.9719779812460511,10.4,tfc,abdominal_gi,419,177,242,success,,True,,0,False
site__wound,0.6430333008390717,0.3544201337966389,1.1666713782836267,0.14628547942989156,10.4,tfc,abdominal_gi,419,177,242,success,,True,,0,False
gender,0.666720580664477,0.24382359267019313,1.823106319669608,0.4296108364170026,4.1,tfc,cardiothoracic,220,53,167,success,,True,,0,False
hospital_exposure_90d,0.5499781774250444,0.21768712624114261,1.3894987768303135,0.20610745654091644,4.1,tfc,cardiothoracic,220,53,167,success,,True,,0,False
past_abx,1.5006983298030994,0.34298350533300753,6.566191790731222,0.5898665701885761,4.1,tfc,cardiothoracic,220,53,167,success,,True,,0,False
prior_positive_esbl,2.9208015164644747,0.7102218053505196,12.011855218062175,0.1373641254782575,4.1,tfc,cardiothoracic,220,53,167,success,,True,,0,False
surgery_length,1.1873754844661883,0.9529675195110389,1.4794423862785013,0.12586214006111598,4.1,tfc,cardiothoracic,220,53,167,success,,True,,0,False
ethnicity_desc__asian,5.087991412418263,2.1591092580955826,11.989970639872064,0.00019931915051371954,4.1,tfc,cardiothoracic,220,53,167,success,,True,,0,False
organism_bug__klebsiella pneumoniae,0.45483234286488056,0.1864235471573283,1.1096906118912677,0.08340793362747696,4.1,tfc,cardiothoracic,220,53,167,success,,True,,0,False
prophylaxis_group__limited_enterobact_activity,0.7882397068887362,0.28221592171771925,2.201583212365691,0.6497850557015078,4.1,tfc,cardiothoracic,220,53,167,success,,True,,0,False
prophylaxis_group__no_prophylaxis,1.393169042350927,0.5415625056602642,3.583926066297114,0.4915787866462682,4.1,tfc,cardiothoracic,220,53,167,success,,True,,0,False
site__sputum,0.4384138418399289,0.16488111245613485,1.1657290144010948,0.09840621907272223,4.1,tfc,cardiothoracic,220,53,167,success,,True,,0,False
site__urine,3.7247770159956954,1.2493237299018003,11.105179135579473,0.018306910518673836,4.1,tfc,cardiothoracic,220,53,167,success,,True,,0,False
site__wound,0.5464288252230634,0.17053476298387474,1.7508715279528686,0.30905301633683047,4.1,tfc,cardiothoracic,220,53,167,success,,True,,0,False
gender,1.838871608679854,0.8783739197482632,3.8496689361837357,0.10610636209502018,5.3,tfc,general_surgery,219,74,145,success,,True,,0,False
hospital_exposure_90d,1.4022765498077225,0.6746439519025368,2.914692285605379,0.36510408462979127,5.3,tfc,general_surgery,219,74,145,success,,True,,0,False
past_abx,1.2636078554915646,0.37409385578198395,4.26819309588053,0.7063671717547935,5.3,tfc,general_surgery,219,74,145,success,,True,,0,False
prior_positive_esbl,1.5154936081427002,0.3555804391644939,6.459075425290483,0.5740779070109207,5.3,tfc,general_surgery,219,74,145,success,,True,,0,False
surgery_length,1.0609166148836495,0.9549841329100759,1.1785997535962898,0.2705630118821568,5.3,tfc,general_surgery,219,74,145,success,,True,,0,False
ethnicity_desc__asian,2.449349037996732,0.7321353612073077,8.194264377617984,0.14596665846375595,5.3,tfc,general_surgery,219,74,145,success,,True,,0,False
ethnicity_desc__black,1.7402721706290072,0.46992254371038056,6.4447796097484735,0.40686645265012245,5.3,tfc,general_surgery,219,74,145,success,,True,,0,False
organism_bug__klebsiella pneumoniae,1.3883256421537185,0.6101676408777784,3.1588828373276816,0.43409784004043417,5.3,tfc,general_surgery,219,74,145,success,,True,,0,False
prophylaxis_group__co-amoxiclav-based,1.7106483689369238,0.5174526892970597,5.655237479047316,0.378847437284087,5.3,tfc,general_surgery,219,74,145,success,,True,,0,False
prophylaxis_group__no_prophylaxis,2.3089508845579547,0.9388360706296496,5.678578352582307,0.06837865626915932,5.3,tfc,general_surgery,219,74,145,success,,True,,0,False
site__drain,0.9753043417030385,0.3789984902526164,2.5098214990534005,0.9586475621578195,5.3,tfc,general_surgery,219,74,145,success,,True,,0,False
site__urine,1.579561193014654,0.612696108165543,4.0721877113731475,0.34409563530891674,5.3,tfc,general_surgery,219,74,145,success,,True,,0,False
site__wound,0.7484026760506798,0.33447117949005073,1.6746033735216932,0.4806364399196391,5.3,tfc,general_surgery,219,74,145,success,,True,,0,False
hospital_exposure_90d,0.6563405355800493,0.3006767868426619,1.432710862614499,0.2904225746304049,8.2,tfc,gynaecological_oncology,225,115,110,success,,True,,0,False
past_abx,1.100180262111149,0.40445893836023444,2.992631622992857,0.8516616593394983,8.2,tfc,gynaecological_oncology,225,115,110,success,,True,,0,False
prior_positive_esbl,1.927234911379201,0.4384079442431344,8.472096485502869,0.3851484844641003,8.2,tfc,gynaecological_oncology,225,115,110,success,,True,,0,False
surgery_length,1.1378109695858183,0.8942088632524051,1.4477756324188815,0.2935744244935693,8.2,tfc,gynaecological_oncology,225,115,110,success,,True,,0,False
ethnicity_desc__asian,3.4023976168538095,1.444137421585159,8.016071995742436,0.005102386192955175,8.2,tfc,gynaecological_oncology,225,115,110,success,,True,,0,False
ethnicity_desc__black,1.0810617723942464,0.2828738842624738,4.1315038989169395,0.9092808039068813,8.2,tfc,gynaecological_oncology,225,115,110,success,,True,,0,False
organism_bug__klebsiella pneumoniae,1.2078917831538318,0.5161307599984074,2.8268079969018802,0.6632867176223005,8.2,tfc,gynaecological_oncology,225,115,110,success,,True,,0,False
prophylaxis_group__aminoglycoside-based,0.16292047701251963,0.042296726954236044,0.6275445818468615,0.00836047877818402,8.2,tfc,gynaecological_oncology,225,115,110,success,,True,,0,False
prophylaxis_group__limited_enterobact_activity,0.20968533268797884,0.07516167510719873,0.5849781644935329,0.00284263707965793,8.2,tfc,gynaecological_oncology,225,115,110,success,,True,,0,False
prophylaxis_group__no_prophylaxis,1.3702485645816613,0.607200596317302,3.0921924980405397,0.4481229919263767,8.2,tfc,gynaecological_oncology,225,115,110,success,,True,,0,False
site__drain,1.9858779497346792,0.770081335902336,5.121161944045046,0.15577360355877745,8.2,tfc,gynaecological_oncology,225,115,110,success,,True,,0,False
site__urine,2.1127881371764676,0.8220100552126851,5.430436871527849,0.1204179748724417,8.2,tfc,gynaecological_oncology,225,115,110,success,,True,,0,False
site__wound,1.3079490056727443,0.5709049436080059,2.996524413729617,0.5256156678836881,8.2,tfc,gynaecological_oncology,225,115,110,success,,True,,0,False
gender,1.8930070549933087,0.9159708149379866,3.9122160355044158,0.08489015604967388,5.3,tfc,neuro_ent,250,69,181,success,,True,,0,False
hospital_exposure_90d,0.5799526852244247,0.2821344639078232,1.192144739924112,0.13836557152238688,5.3,tfc,neuro_ent,250,69,181,success,,True,,0,False
past_abx,1.0595361319697156,0.2628533603273205,4.270886297787474,0.9351944342353673,5.3,tfc,neuro_ent,250,69,181,success,,True,,0,False
prior_positive_esbl,5.741161333585469,1.3236639951813398,24.901284297410605,0.019568125642324248,5.3,tfc,neuro_ent,250,69,181,success,,True,,0,False
surgery_length,0.9399172611010159,0.8353185447263555,1.0576138447938392,0.3032965103870041,5.3,tfc,neuro_ent,250,69,181,success,,True,,0,False
ethnicity_desc__asian,1.146982302301607,0.43410374146044056,3.03053919177746,0.782061781682768,5.3,tfc,neuro_ent,250,69,181,success,,True,,0,False
organism_bug__klebsiella pneumoniae,3.4774602668975967,1.4584065328850353,8.2917414556074,0.004937593405761373,5.3,tfc,neuro_ent,250,69,181,success,,True,,0,False
prophylaxis_group__co-amoxiclav-based,3.249772982917147,1.2626105545636386,8.364435417022257,0.014550239174808372,5.3,tfc,neuro_ent,250,69,181,success,,True,,0,False
prophylaxis_group__no_prophylaxis,1.5719267630644906,0.7057584327919513,3.5011324464993154,0.26827905952969944,5.3,tfc,neuro_ent,250,69,181,success,,True,,0,False
site__sputum,0.4220829254343262,0.15826610830882168,1.1256610644369318,0.08480711272082514,5.3,tfc,neuro_ent,250,69,181,success,,True,,0,False
site__urine,1.762621142734311,0.6919912276728741,4.489700401639637,0.23476999751064864,5.3,tfc,neuro_ent,250,69,181,success,,True,,0,False
site__wound,0.24236243597023752,0.06079057288279462,0.9662608457840731,0.04457917016243557,5.3,tfc,neuro_ent,250,69,181,success,,True,,0,False
hospital_exposure_90d,0.8848141641054001,0.4359892006534794,1.7956777457517283,0.7346894848193222,5.5,tfc,obs_gynae,318,66,252,success,,True,,0,False
past_abx,0.07405118250387366,0.004579983363296837,1.1972920413131642,0.06677944964213736,5.5,tfc,obs_gynae,318,66,252,success,,True,,0,True
prior_positive_esbl,6.991280042018225,1.8385537050982512,26.585025224112425,0.004323082726039418,5.5,tfc,obs_gynae,318,66,252,success,,True,,0,False
surgery_length,1.8124814993315255,1.364685944761212,2.407212588383379,4.000340033484836e-05,5.5,tfc,obs_gynae,318,66,252,success,,True,,0,False
ethnicity_desc__asian,1.7724516648752493,0.7261319538375274,4.32646557931532,0.20872056630180835,5.5,tfc,obs_gynae,318,66,252,success,,True,,0,False
ethnicity_desc__black,3.169251557917674,1.2864014697168686,7.807947731569584,0.012161511745717097,5.5,tfc,obs_gynae,318,66,252,success,,True,,0,False
organism_bug__klebsiella pneumoniae,1.7571108915366662,0.6743749537712705,4.578222645860529,0.24864651879093314,5.5,tfc,obs_gynae,318,66,252,success,,True,,0,False
prophylaxis_group__co-amoxiclav-based,0.2074408715285135,0.0724298390539339,0.5941158470401441,0.003391519028209582,5.5,tfc,obs_gynae,318,66,252,success,,True,,0,False
prophylaxis_group__no_prophylaxis,0.5584885500643694,0.24812640206685924,1.2570587327863465,0.15934433251817082,5.5,tfc,obs_gynae,318,66,252,success,,True,,0,False
site__urine,1.8993633000907846,0.9739754965734663,3.7039750573023156,0.05975705051084869,5.5,tfc,obs_gynae,318,66,252,success,,True,,0,False
site__wound,0.5215052213029402,0.17463839354049007,1.5573190426947707,0.24346626773686686,5.5,tfc,obs_gynae,318,66,252,success,,True,,0,False
gender,1.011106207329333,0.4117778584342953,2.4827361198757494,0.9807743049305825,4.2,tfc,ortho_plastics,245,59,186,success,,True,,0,False
hospital_exposure_90d,1.4082152568602941,0.443252043322387,4.473911038943081,0.561625360056745,4.2,tfc,ortho_plastics,245,59,186,success,,True,,0,False
past_abx,0.7770976533791374,0.188457892476199,3.2043272635218933,0.7271653270843508,4.2,tfc,ortho_plastics,245,59,186,success,,True,,0,False
prior_positive_esbl,38.749572479445575,8.215576696567146,182.7661554139243,3.816024947906322e-06,4.2,tfc,ortho_plastics,245,59,186,success,,True,,0,False
surgery_length,1.061335785166111,0.9291617594557242,1.212311674916537,0.38035731696962916,4.2,tfc,ortho_plastics,245,59,186,success,,True,,0,False
ethnicity_desc__asian,3.9959954380346403,1.138453738562537,14.026024070996112,0.030589358890952822,4.2,tfc,ortho_plastics,245,59,186,success,,True,,0,False
ethnicity_desc__black,0.4511764635284655,0.12512967432829966,1.626793982600617,0.22386634251149684,4.2,tfc,ortho_plastics,245,59,186,success,,True,,0,False
organism_bug__klebsiella pneumoniae,1.699402673996943,0.6311492135411494,4.575731675532971,0.2940388906173752,4.2,tfc,ortho_plastics,245,59,186,success,,True,,0,False
prophylaxis_group__co-amoxiclav-based,0.3803905812872582,0.10652514215928688,1.3583365522825868,0.136654813723315,4.2,tfc,ortho_plastics,245,59,186,success,,True,,0,False
prophylaxis_group__no_prophylaxis,1.0187171065794367,0.3913926303599505,2.651517843560734,0.9696915055901822,4.2,tfc,ortho_plastics,245,59,186,success,,True,,0,False
site__tissue/biopsy,0.6003171637530671,0.16073757746186917,2.2420438505241114,0.4478338967798575,4.2,tfc,ortho_plastics,245,59,186,success,,True,,0,False
site__urine,1.0429763325794885,0.35237303215846616,3.087068336806671,0.939418060729525,4.2,tfc,ortho_plastics,245,59,186,success,,True,,0,False
site__wound,0.1867958332433909,0.06049494171753098,0.5767867912001154,0.0035390085831040574,4.2,tfc,ortho_plastics,245,59,186,success,,True,,0,False
gender,1.3001131340898087,0.7958032400029337,2.124010152844557,0.2946578934152859,10.9,tfc,uro_nephro,450,197,253,success,,True,,0,False
hospital_exposure_90d,1.6708724931336951,0.9667181679749924,2.887930506322118,0.06595567946834568,10.9,tfc,uro_nephro,450,197,253,success,,True,,0,False
past_abx,0.7246509544780866,0.3586513511939852,1.464148968288645,0.36946044392653543,10.9,tfc,uro_nephro,450,197,253,success,,True,,0,False
prior_positive_esbl,3.6984112803149634,1.9624367586368796,6.970031486702256,5.23017647801734e-05,10.9,tfc,uro_nephro,450,197,253,success,,True,,0,False
surgery_length,1.2247092832444226,1.094856705998548,1.369962681186753,0.00039303937710563836,10.9,tfc,uro_nephro,450,197,253,success,,True,,0,False
ethnicity_desc__asian,2.289673614380262,1.2268885248551713,4.273090141590523,0.009259881983945426,10.9,tfc,uro_nephro,450,197,253,success,,True,,0,False
ethnicity_desc__black,0.8999233521122988,0.4583952851863867,1.7667329177431241,0.759323661161779,10.9,tfc,uro_nephro,450,197,253,success,,True,,0,False
organism_bug__klebsiella pneumoniae,2.983223755652665,1.6762740801059721,5.309169951329062,0.00020207970902460463,10.9,tfc,uro_nephro,450,197,253,success,,True,,0,False
prophylaxis_group__aminoglycoside-based,1.0985402220180815,0.41328268315579475,2.9200125448677787,0.8505463658999095,10.9,tfc,uro_nephro,450,197,253,success,,True,,0,False
prophylaxis_group__cefuroxime +/- metronidazole + aminoglycoside,0.9310955877635101,0.3054891297266171,2.8378718232249436,0.9000814311289919,10.9,tfc,uro_nephro,450,197,253,success,,True,,0,False
prophylaxis_group__co-amoxiclav-based,0.5624912079753971,0.20126340876588822,1.5720510796756755,0.27252662713588427,10.9,tfc,uro_nephro,450,197,253,success,,True,,0,False
prophylaxis_group__limited_enterobact_activity,0.6350631331752229,0.23307323488207024,1.7303796522255939,0.3746598591103054,10.9,tfc,uro_nephro,450,197,253,success,,True,,0,False
prophylaxis_group__no_prophylaxis,1.510221856833686,0.6080752456135071,3.7508023444648573,0.37443273754399664,10.9,tfc,uro_nephro,450,197,253,success,,True,,0,False
site__drain,1.9549372510599503,0.5037106583675337,7.587251911579093,0.33261663839673483,10.9,tfc,uro_nephro,450,197,253,success,,True,,0,False
site__sputum,1.071091023191713,0.26875283417559054,4.26874002456964,0.9224450762675935,10.9,tfc,uro_nephro,450,197,253,success,,True,,0,False
site__urine,2.2182039863376213,1.221867420171225,4.026974484936014,0.008829917212627412,10.9,tfc,uro_nephro,450,197,253,success,,True,,0,False
site__wound,0.7346656716599244,0.3285835601373467,1.6426069791499038,0.4526063441906144,10.9,tfc,uro_nephro,450,197,253,success,,True,,0,False
gender,2.3612871879204986,0.8906022200056878,6.260569599525462,0.08415319807130743,4.3,tfc,vascular,146,52,94,success,,True,,0,False
hospital_exposure_90d,0.740113993402837,0.3117539839524762,1.7570544449375716,0.49509052928787534,4.3,tfc,vascular,146,52,94,success,,True,,0,False
past_abx,2.7176864406919514,0.5633682199302684,13.110110454642035,0.21303851750501202,4.3,tfc,vascular,146,52,94,success,,True,,0,False
prior_positive_esbl,1.8154883732940574,0.43853375959513385,7.51595050882481,0.41066032256367546,4.3,tfc,vascular,146,52,94,success,,True,,0,False
surgery_length,1.109844546182269,0.9054286756129194,1.3604107643892596,0.31564775277998713,4.3,tfc,vascular,146,52,94,success,,True,,0,False
organism_bug__klebsiella pneumoniae,5.499926954188453,2.1778795694874216,13.889287968539058,0.0003100733361836226,4.3,tfc,vascular,146,52,94,success,,True,,0,False
prophylaxis_group__aminoglycoside-based,0.2677205767788994,0.06952666972984377,1.030889405595403,0.05539835268068438,4.3,tfc,vascular,146,52,94,success,,True,,0,False
prophylaxis_group__limited_enterobact_activity,0.7559354513039779,0.1396803093307245,4.091044824257511,0.7453596298446509,4.3,tfc,vascular,146,52,94,success,,True,,0,False
prophylaxis_group__no_prophylaxis,0.32572061926112583,0.08511188732645561,1.246522961063205,0.10138976548951484,4.3,tfc,vascular,146,52,94,success,,True,,0,False
site__urine,1.3557625868669607,0.4163762165365932,4.414498520682562,0.6133357871945188,4.3,tfc,vascular,146,52,94,success,,True,,0,False
site__wound,0.6940886752581876,0.25652674488639876,1.8780072593795625,0.47212668042337547,4.3,tfc,vascular,146,52,94,success,,True,,0,False
gender,1.3423665536169525,0.5911765041076151,3.04807101051742,0.4816244208594169,4.4,site,blood,158,57,101,success,,True,,0,False
hospital_exposure_90d,0.7601245814060266,0.30490188350039577,1.8950010168006624,0.5562152070377258,4.4,site,blood,158,57,101,success,,True,,0,False
past_abx,1.954957147632232,0.6061923599260602,6.304694189059922,0.2618194179045997,4.4,site,blood,158,57,101,success,,True,,0,False
prior_positive_esbl,7.903798125567242,1.6495764724205622,37.87034178418701,0.009707722906768204,4.4,site,blood,158,57,101,success,,True,,0,False
surgery_length,1.0401055693733725,0.9194250940874902,1.1766261356127006,0.532026646226324,4.4,site,blood,158,57,101,success,,True,,0,False
ethnicity_desc__asian,2.1498227928669094,0.7047135207011204,6.558321793133619,0.17863015573805985,4.4,site,blood,158,57,101,success,,True,,0,False
ethnicity_desc__black,1.5080442196049397,0.4962613140835108,4.582660996825494,0.4688015904566851,4.4,site,blood,158,57,101,success,,True,,0,False
organism_bug__klebsiella pneumoniae,1.0477593461250982,0.41840280930965024,2.6237865113855805,0.9206525993899243,4.4,site,blood,158,57,101,success,,True,,0,False
prophylaxis_group__limited_enterobact_activity,0.8699247062028038,0.21054677563778318,3.594303413907186,0.8473402193640895,4.4,site,blood,158,57,101,success,,True,,0,False
prophylaxis_group__no_prophylaxis,0.6415584970065663,0.2804564039124879,1.4675981697667242,0.29311653685105676,4.4,site,blood,158,57,101,success,,True,,0,False
tfc__abdominal_gi,1.4222161223588867,0.5224714957157142,3.871404881000692,0.4905933739187802,4.4,site,blood,158,57,101,success,,True,,0,False
tfc__uro_nephro,0.8024552418765818,0.30727466149290716,2.0956313549793544,0.6531784958274491,4.4,site,blood,158,57,101,success,,True,,0,False
gender,1.840797654786542,0.9327268393806893,3.632935027491594,0.07854599332625915,7.3,site,drain,272,109,163,success,,True,,0,False
hospital_exposure_90d,0.79577584952297,0.4153349345422554,1.524695251994455,0.4910946049626681,7.3,site,drain,272,109,163,success,,True,,0,False
past_abx,0.76257446306552,0.32726943162631966,1.776883984641904,0.5299862952104377,7.3,site,drain,272,109,163,success,,True,,0,False
prior_positive_esbl,2.761928678253837,1.0093986969333306,7.5572219846691775,0.04790848215521147,7.3,site,drain,272,109,163,success,,True,,0,False
surgery_length,1.0761208774457318,0.9714853333378974,1.192026377686743,0.1598227843802411,7.3,site,drain,272,109,163,success,,True,,0,False
ethnicity_desc__asian,1.3562193536621427,0.6121035392863452,3.00493432433383,0.4528484277802941,7.3,site,drain,272,109,163,success,,True,,0,False
ethnicity_desc__black,0.8430015960677529,0.2328443645669282,3.0520459118455956,0.7947321084102428,7.3,site,drain,272,109,163,success,,True,,0,False
organism_bug__klebsiella pneumoniae,0.8093501036804165,0.4284804037055244,1.5287690747642362,0.514486813405186,7.3,site,drain,272,109,163,success,,True,,0,False
prophylaxis_group__aminoglycoside-based,0.5748836165364504,0.19459170578549384,1.698382627501822,0.3165303111181408,7.3,site,drain,272,109,163,success,,True,,0,False
prophylaxis_group__limited_enterobact_activity,0.36702805456647275,0.12657313772652268,1.064282637362652,0.06499860306481618,7.3,site,drain,272,109,163,success,,True,,0,False
prophylaxis_group__no_prophylaxis,0.548962626360175,0.2650077699680109,1.1371740729588358,0.10652459960434167,7.3,site,drain,272,109,163,success,,True,,0,False
tfc__abdominal_gi,2.375306063627712,1.1362431079847153,4.965556099973699,0.02147907161891069,7.3,site,drain,272,109,163,success,,True,,0,False
tfc__gynaecological_oncology,2.7099979983710987,1.1020064802364127,6.664288534491956,0.029890624986526653,7.3,site,drain,272,109,163,success,,True,,0,False
tfc__uro_nephro,5.284877968833546,1.25993098731626,22.16782937052359,0.022857149197450632,7.3,site,drain,272,109,163,success,,True,,0,False
gender,1.450492339730143,0.5414504369863524,3.8857259758179037,0.45947516922215625,4.0,site,sputum,303,60,243,success,,True,,0,False
hospital_exposure_90d,0.4705512910458687,0.20303713805010165,1.090532104773346,0.07876932821687475,4.0,site,sputum,303,60,243,success,,True,,0,False
past_abx,2.266041456477046,0.6216334616381297,8.260404562104808,0.21513169003699462,4.0,site,sputum,303,60,243,success,,True,,0,False
prior_positive_esbl,9.365994989136912,2.8437335400983166,30.84742677174492,0.00023464537655562537,4.0,site,sputum,303,60,243,success,,True,,0,False
surgery_length,0.9772234369887756,0.8513671032991124,1.1216849254564698,0.7432654226483598,4.0,site,sputum,303,60,243,success,,True,,0,False
ethnicity_desc__asian,10.248491821746702,3.7308161151226553,28.15244208758222,6.3711606556571224e-06,4.0,site,sputum,303,60,243,success,,True,,0,False
organism_bug__klebsiella pneumoniae,1.6283511122035197,0.7909551757009573,3.352310505161829,0.1856966966310184,4.0,site,sputum,303,60,243,success,,True,,0,False
prophylaxis_group__co-amoxiclav-based,2.4229613160004315,0.5085822234753116,11.543347895091207,0.26652798192521143,4.0,site,sputum,303,60,243,success,,True,,0,False
prophylaxis_group__limited_enterobact_activity,0.3639962858348774,0.07919836963561902,1.672929590737404,0.19404672929229216,4.0,site,sputum,303,60,243,success,,True,,0,False
prophylaxis_group__no_prophylaxis,1.1306171364821458,0.5066433898458715,2.5230667860799754,0.7643683314299763,4.0,site,sputum,303,60,243,success,,True,,0,False
tfc__abdominal_gi,2.292095421580556,0.6706255493723489,7.834031116988587,0.18590490847836638,4.0,site,sputum,303,60,243,success,,True,,0,False
tfc__cardiothoracic,0.9032494355025581,0.31501134010495546,2.5899370558020602,0.8498335940798138,4.0,site,sputum,303,60,243,success,,True,,0,False
tfc__neuro_ent,0.9215375873574339,0.318433920650582,2.6669003200963095,0.8802020630875793,4.0,site,sputum,303,60,243,success,,True,,0,False
tfc__uro_nephro,2.515155478813519,0.5180588007872495,12.210982755225025,0.25256554846288704,4.0,site,sputum,303,60,243,success,,True,,0,False
gender,0.9259988396044592,0.2242257299036775,3.824154575468021,0.9153836154745559,1.9,site,tips_devices,59,21,38,success,,True,,0,False
hospital_exposure_90d,0.40603675921199933,0.08155744053402016,2.0214691480247278,0.271091018029851,1.9,site,tips_devices,59,21,38,success,,True,,0,False
past_abx,1.5619968897995367,0.19503559470362022,12.509687205820274,0.6743978902959582,1.9,site,tips_devices,59,21,38,success,,True,,0,False
prior_positive_esbl,4.7694437215678676,0.3130368600906495,72.66745969345556,0.2609327327072495,1.9,site,tips_devices,59,21,38,success,,True,,0,True
surgery_length,0.960727651351639,0.7857146216491261,1.1747237414703684,0.6961811750111815,1.9,site,tips_devices,59,21,38,success,,True,,0,False
ethnicity_desc__asian,1.4406526339678742,0.27573532233725007,7.527073405633784,0.6651690476158609,1.9,site,tips_devices,59,21,38,success,,True,,0,False
organism_bug__klebsiella pneumoniae,1.5151424249881376,0.4244090102871923,5.409066519218082,0.522202940214034,1.9,site,tips_devices,59,21,38,success,,True,,0,False
prophylaxis_group__limited_enterobact_activity,0.6059139890971365,0.1235977387479876,2.9703760433042907,0.5367671117608898,1.9,site,tips_devices,59,21,38,success,,True,,0,False
prophylaxis_group__no_prophylaxis,2.1458069823070898,0.437441345935456,10.525954275015525,0.34671636482266344,1.9,site,tips_devices,59,21,38,success,,True,,0,False
tfc__abdominal_gi,1.659624428558412,0.3190848842805789,8.63203924585117,0.5470654222731645,1.9,site,tips_devices,59,21,38,success,,True,,0,False
gender,1.409452697789056,0.9314342433550611,2.132793507944475,0.1044009913244226,15.0,site,urine,747,329,418,success,,True,,0,False
hospital_exposure_90d,1.2813373580882264,0.8656624054864352,1.8966116754370737,0.21535341326576696,15.0,site,urine,747,329,418,success,,True,,0,False
past_abx,1.1105769705669843,0.6180289693720681,1.9956689227802453,0.7257939082811153,15.0,site,urine,747,329,418,success,,True,,0,False
prior_positive_esbl,3.229883391684823,1.875740494039879,5.561615136544395,2.3524433541751138e-05,15.0,site,urine,747,329,418,success,,True,,0,False
surgery_length,1.0723624240072793,0.9952120604321035,1.1554936019600435,0.06665759533222647,15.0,site,urine,747,329,418,success,,True,,0,False
ethnicity_desc__asian,1.7720000033757106,1.1213038762524803,2.800297117011391,0.014272456785778981,15.0,site,urine,747,329,418,success,,True,,0,False
ethnicity_desc__black,0.8633401990290098,0.49227928301658863,1.514092355648315,0.6081685654835485,15.0,site,urine,747,329,418,success,,True,,0,False
organism_bug__klebsiella pneumoniae,9.864465059772098,4.988815441722176,19.505165515177524,4.686606301985169e-11,15.0,site,urine,747,329,418,success,,True,,0,False
prophylaxis_group__aminoglycoside-based,0.5822994987614568,0.29699958507232666,1.1416605386006564,0.11542278404239112,15.0,site,urine,747,329,418,success,,True,,0,False
prophylaxis_group__cefuroxime +/- metronidazole + aminoglycoside,1.1482229130367776,0.5026905112263454,2.6227188072563847,0.7429385641608811,15.0,site,urine,747,329,418,success,,True,,0,False
prophylaxis_group__co-amoxiclav-based,0.615491502005658,0.32643257437376244,1.1605146629987488,0.13363856282502,15.0,site,urine,747,329,418,success,,True,,0,False
prophylaxis_group__limited_enterobact_activity,0.712422669012981,0.40324204009898196,1.2586635540257523,0.24291786092124823,15.0,site,urine,747,329,418,success,,True,,0,False
prophylaxis_group__no_prophylaxis,1.3678905604717602,0.864654497436503,2.164014170949425,0.1807092303269754,15.0,site,urine,747,329,418,success,,True,,0,False
tfc__abdominal_gi,1.0614521188382737,0.46742113166018884,2.4104186231044165,0.8866706704431552,15.0,site,urine,747,329,418,success,,True,,0,False
tfc__cardiothoracic,1.4484055433837764,0.5508093281564934,3.80872020654816,0.45264921984118933,15.0,site,urine,747,329,418,success,,True,,0,False
tfc__gynaecological_oncology,1.76845046726113,0.7480361373021633,4.180836859613928,0.1940583696977627,15.0,site,urine,747,329,418,success,,True,,0,False
tfc__neuro_ent,0.858078563975191,0.40207331414339953,1.8312551369453103,0.692300550190164,15.0,site,urine,747,329,418,success,,True,,0,False
tfc__obs_gynae,0.6684900319132312,0.31152441343076787,1.4344908568992965,0.30123446369623064,15.0,site,urine,747,329,418,success,,True,,0,False
tfc__ortho_plastics,1.1759999803114347,0.5348720219954959,2.585620291996019,0.6867195706083948,15.0,site,urine,747,329,418,success,,True,,0,False
tfc__uro_nephro,1.4179072139130038,0.7382084000724976,2.7234326608435966,0.2943966347522876,15.0,site,urine,747,329,418,success,,True,,0,False
tfc__vascular,0.9192364149565664,0.2633351465114151,3.208821905379697,0.8949608316652405,15.0,site,urine,747,329,418,success,,True,,0,False
gender,1.1835174548786955,0.7215785194670858,1.941179688992166,0.5045124703509009,7.3,site,wound,590,167,423,success,,True,,0,False
hospital_exposure_90d,1.3224546658447422,0.819579893050397,2.133881465424125,0.2522430338679581,7.3,site,wound,590,167,423,success,,True,,0,False
past_abx,0.8240296979914573,0.4221633487784389,1.6084412470592286,0.5705812984926384,7.3,site,wound,590,167,423,success,,True,,0,False
prior_positive_esbl,5.283630538979669,2.370476168845703,11.776853966868853,4.691620090736092e-05,7.3,site,wound,590,167,423,success,,True,,0,False
surgery_length,1.0376995298823566,0.9590137531050978,1.1228413678443416,0.35768332917343426,7.3,site,wound,590,167,423,success,,True,,0,False
ethnicity_desc__asian,2.3355759449890066,1.2293093603472731,4.437381810279478,0.00958549759425738,7.3,site,wound,590,167,423,success,,True,,0,False
ethnicity_desc__black,0.9018404046081836,0.46502839353016373,1.7489601209288252,0.7598078666163268,7.3,site,wound,590,167,423,success,,True,,0,False
organism_bug__klebsiella pneumoniae,0.9813965235388571,0.6091218725835545,1.5811928281758403,0.938490465694685,7.3,site,wound,590,167,423,success,,True,,0,False
prophylaxis_group__aminoglycoside-based,0.5320211101766107,0.21458810934600303,1.319022114208424,0.17311679429675464,7.3,site,wound,590,167,423,success,,True,,0,False
prophylaxis_group__cefuroxime +/- metronidazole + aminoglycoside,1.8183755443431844,0.4981677088247219,6.637302180958392,0.3653884003664253,7.3,site,wound,590,167,423,success,,True,,0,False
prophylaxis_group__co-amoxiclav-based,0.8226791241304842,0.32385816216155133,2.0898066510440136,0.681541071767132,7.3,site,wound,590,167,423,success,,True,,0,False
prophylaxis_group__limited_enterobact_activity,0.3888113628143149,0.18550215152946667,0.8149462127910201,0.012351659744990908,7.3,site,wound,590,167,423,success,,True,,0,False
prophylaxis_group__no_prophylaxis,0.9137022187701165,0.5126891940686333,1.62837788321646,0.7595119315663899,7.3,site,wound,590,167,423,success,,True,,0,False
prophylaxis_group__other_broad_spectrum_gram_negative_active,2.4128299934231534,0.610547767013384,9.535287641195737,0.20902551920104873,7.3,site,wound,590,167,423,success,,True,,0,False
tfc__abdominal_gi,1.4089106709196326,0.6568222535401559,3.0221711702553495,0.3786258041258814,7.3,site,wound,590,167,423,success,,True,,0,False
tfc__cardiothoracic,0.6331681334779782,0.23768453532657186,1.6866973894669206,0.36060331123139067,7.3,site,wound,590,167,423,success,,True,,0,False
tfc__gynaecological_oncology,2.729079956292607,1.1812820663162882,6.30491024981318,0.018777719131128842,7.3,site,wound,590,167,423,success,,True,,0,False
tfc__neuro_ent,0.29010074793179536,0.08573810121765645,0.9815757843405087,0.04660577936241818,7.3,site,wound,590,167,423,success,,True,,0,False
tfc__obs_gynae,0.770680092760497,0.2597605776583955,2.2865201899820753,0.6387465755941344,7.3,site,wound,590,167,423,success,,True,,0,False
tfc__ortho_plastics,0.3369715344939039,0.1406484976381268,0.8073304512027389,0.014684853981241197,7.3,site,wound,590,167,423,success,,True,,0,False
tfc__uro_nephro,1.306883919033854,0.5532358141660452,3.087192719805865,0.5417002473684149,7.3,site,wound,590,167,423,success,,True,,0,False
tfc__vascular,1.640432729655696,0.6197248043705749,4.342281479694489,0.31897179074799065,7.3,site,wound,590,167,423,success,,True,,0,False
